{
  "index.html": 1710013139784,
  "controller/App.controller.js": 1710013196535,
  "controller/View1.controller.js": 1710013199203,
  "model/models.js": 1708530041000,
  "manifest.json": 1710015955908,
  "Component.js": 1710013157032,
  "Component-dbg.js": 1710013157032,
  "Component.js.map": 1710015956053,
  "controller/View1-dbg.controller.js": 1710013199203,
  "controller/View1.controller.js.map": 1710015956067,
  "model/models-dbg.js": 1708530041000,
  "model/models.js.map": 1710015956082,
  "controller/App-dbg.controller.js": 1710013196535,
  "controller/App.controller.js.map": 1710015956081,
  "Component-preload.js": 1710015956176,
  "Component-preload.js.map": 1710015956176,
  "view/View1.view.xml": 1710013151416,
  "view/App.view.xml": 1710013148612,
  "css/style.css": 1708530041000,
  "i18n/i18n.properties": 1710013249142
}